id,first_name,last_name,email,gender,ip_address
1,Skipton,Mattiacci,smattiacci0@berkeley.edu,Male,196.4.235.14
2,Keith,Rosenfelder,krosenfelder1@icq.com,Male,26.145.67.148
3,Helaina,Ind,hind2@japanpost.jp,Female,32.201.244.49
4,Joelly,Milesap,jmilesap3@dot.gov,Female,74.199.54.89
5,Portie,MacCoughan,pmaccoughan4@mapquest.com,Male,61.150.82.117
6,Fletcher,Reynold,freynold5@blogs.com,Male,254.202.181.187
7,Arnaldo,Batch,abatch6@umich.edu,Male,137.231.46.255
8,Galven,Turban,gturban7@google.es,Male,180.52.139.226
9,Cele,La Vigne,clavigne8@house.gov,Female,125.202.213.224
10,Sherwin,Lydall,slydall9@eventbrite.com,Male,9.153.155.182
11,Liz,Linthead,llintheada@skyrock.com,Female,232.213.9.139
12,Connie,Moreby,cmorebyb@csmonitor.com,Male,145.75.39.34
13,Christie,Gerasch,cgeraschc@typepad.com,Male,195.178.145.92
14,Ellen,Bocke,ebocked@foxnews.com,Female,94.217.132.103
15,Cecile,Maginn,cmaginne@omniture.com,Female,253.72.149.37
16,Beverly,Hendrich,bhendrichf@google.co.uk,Female,224.43.75.87
17,Wilt,Kift,wkiftg@4shared.com,Male,15.127.9.154
18,Aviva,Kerans,akeransh@webnode.com,Female,73.103.208.158
19,Rayna,Fransseni,rfranssenii@ted.com,Female,6.166.158.77
20,Harbert,O'Carney,hocarneyj@delicious.com,Male,111.218.194.147
21,Morse,Butfield,mbutfieldk@aol.com,Male,213.185.33.170
22,York,Gerring,ygerringl@deviantart.com,Male,163.229.91.89
23,Evie,Killner,ekillnerm@ycombinator.com,Female,109.131.34.201
24,Jaquelin,Pogue,jpoguen@unc.edu,Female,223.104.129.174
25,Euphemia,Weiser,eweisero@homestead.com,Female,191.218.165.181
26,Sim,Shivell,sshivellp@taobao.com,Male,200.128.42.55
27,Calley,Penkman,cpenkmanq@slashdot.org,Female,239.185.164.28
28,Chryste,Kezourec,ckezourecr@mlb.com,Female,113.32.135.38
29,Gnni,Tuson,gtusons@csmonitor.com,Female,27.178.86.112
30,Amalee,Squires,asquirest@51.la,Female,109.16.243.222
31,Faulkner,Learmount,flearmountu@geocities.com,Male,61.248.150.130
32,Jacintha,Pettifor,jpettiforv@shareasale.com,Female,24.17.245.171
33,Bron,Killoran,bkilloranw@bravesites.com,Male,145.111.88.108
34,Sashenka,Kaas,skaasx@elpais.com,Female,13.9.111.73
35,Gabbi,Quainton,gquaintony@google.ca,Female,171.200.67.120
36,Raff,Gail,rgailz@state.tx.us,Male,107.126.170.169
37,Nydia,Chattaway,nchattaway10@auda.org.au,Female,140.109.39.167
38,Lionello,Gaskal,lgaskal11@unesco.org,Male,133.152.74.82
39,Brok,McJury,bmcjury12@linkedin.com,Male,230.185.133.233
40,Sallyanne,Hunter,shunter13@bbb.org,Female,138.2.168.215
41,Fan,Pietasch,fpietasch14@rakuten.co.jp,Female,255.114.13.51
42,Ray,Edowes,redowes15@amazon.de,Female,124.119.80.73
43,Ethelbert,Gerbel,egerbel16@surveymonkey.com,Male,183.37.27.184
44,Ardyth,De Caville,adecaville17@uol.com.br,Female,164.16.100.114
45,Jobye,Balcon,jbalcon18@eepurl.com,Female,179.65.159.233
46,Tully,Curm,tcurm19@marriott.com,Male,213.118.37.212
47,Levy,Shadfourth,lshadfourth1a@hostgator.com,Male,218.8.35.95
48,Whittaker,Van Zon,wvanzon1b@cdbaby.com,Male,58.29.169.4
49,Veronika,Twell,vtwell1c@fda.gov,Female,101.157.17.86
50,Barbabra,Agg,bagg1d@nbcnews.com,Female,1.60.249.191
51,Webb,Thorbon,wthorbon1e@un.org,Male,93.86.180.234
52,Georgianna,Canedo,gcanedo1f@wikia.com,Female,129.21.239.98
53,Riannon,Wickenden,rwickenden1g@wunderground.com,Female,230.227.17.233
54,Shandy,Sibbson,ssibbson1h@tripod.com,Female,18.175.206.110
55,Jasper,Stuehmeier,jstuehmeier1i@pen.io,Male,43.56.28.242
56,Pearl,Twentyman,ptwentyman1j@epa.gov,Female,51.52.77.181
57,Quent,Heber,qheber1k@technorati.com,Male,178.61.240.142
58,Bel,McBoyle,bmcboyle1l@t-online.de,Female,158.130.29.16
59,Saunderson,Klejna,sklejna1m@time.com,Male,132.132.33.185
60,Launce,Degue,ldegue1n@youtube.com,Male,174.179.199.147
61,Ring,Hing,rhing1o@webs.com,Male,47.237.101.232
62,Mandi,Lammerich,mlammerich1p@hhs.gov,Female,78.4.74.26
63,Bonni,Farrent,bfarrent1q@geocities.jp,Female,29.140.145.80
64,Hartwell,Bousfield,hbousfield1r@comcast.net,Male,151.168.243.249
65,Latrina,Kelsow,lkelsow1s@mit.edu,Female,226.58.133.28
66,Babs,Elverston,belverston1t@1und1.de,Female,29.43.146.227
67,Candra,Brace,cbrace1u@webnode.com,Female,18.38.164.149
68,Sky,Crew,screw1v@tuttocitta.it,Male,84.154.62.159
69,Rudolf,Saich,rsaich1w@answers.com,Male,95.28.60.175
70,Rubin,Dugood,rdugood1x@google.cn,Male,83.195.158.82
71,Durante,Caverhill,dcaverhill1y@gizmodo.com,Male,112.185.72.58
72,Cynde,Wetherhead,cwetherhead1z@lulu.com,Female,163.149.4.97
73,Loise,Molloy,lmolloy20@twitpic.com,Female,70.79.83.174
74,Juliette,Issitt,jissitt21@un.org,Female,70.166.18.152
75,Malcolm,Geaney,mgeaney22@odnoklassniki.ru,Male,135.3.7.134
76,Marie-jeanne,Layman,mlayman23@deliciousdays.com,Female,17.191.65.213
77,Lindsay,Joincey,ljoincey24@over-blog.com,Female,213.14.102.184
78,Marlena,Blazewski,mblazewski25@google.it,Female,248.4.197.8
79,Eziechiele,Wodeland,ewodeland26@sitemeter.com,Male,23.12.214.219
80,Catina,Davall,cdavall27@cocolog-nifty.com,Female,207.92.150.87
81,Cthrine,Uff,cuff28@slate.com,Female,232.18.2.96
82,Maurene,Airy,mairy29@sbwire.com,Female,64.108.41.177
83,Juli,O'Beirne,jobeirne2a@seesaa.net,Female,108.193.226.232
84,Tripp,Coulston,tcoulston2b@earthlink.net,Male,162.2.219.177
85,Tod,Argo,targo2c@washingtonpost.com,Male,33.57.168.118
86,Gennie,Evitts,gevitts2d@wordpress.com,Female,235.14.7.101
87,Lisetta,Gayforth,lgayforth2e@themeforest.net,Female,143.13.102.59
88,Humberto,Fazan,hfazan2f@simplemachines.org,Male,177.18.238.126
89,Elly,Hamly,ehamly2g@hugedomains.com,Female,208.77.229.38
90,Thorstein,Haspineall,thaspineall2h@ihg.com,Male,195.25.182.7
91,Marieann,Harrismith,mharrismith2i@tripadvisor.com,Female,141.157.26.76
92,Rick,Murcutt,rmurcutt2j@cornell.edu,Male,78.52.254.181
93,Lennie,Oliphard,loliphard2k@msn.com,Male,234.254.191.77
94,Far,Rhoades,frhoades2l@alexa.com,Male,112.193.186.28
95,Ardelle,Test,atest2m@si.edu,Female,228.80.26.44
96,Ashley,Draayer,adraayer2n@auda.org.au,Female,254.103.128.162
97,Jennifer,Kesey,jkesey2o@mlb.com,Female,162.164.214.248
98,Octavia,Blodgett,oblodgett2p@prlog.org,Female,158.208.65.131
99,Lorri,Cogger,lcogger2q@gizmodo.com,Female,59.76.83.159
100,Nananne,Bloxham,nbloxham2r@deviantart.com,Female,49.42.176.45
101,Gerry,Stout,gstout2s@google.es,Female,227.3.1.236
102,Rhianna,Setterthwait,rsetterthwait2t@bigcartel.com,Female,156.97.155.205
103,Aurie,Nowaczyk,anowaczyk2u@51.la,Female,167.153.74.201
104,Abdel,Maharg,amaharg2v@disqus.com,Male,34.71.240.25
105,Harmonia,Mulryan,hmulryan2w@bbc.co.uk,Female,54.240.117.38
106,Egon,Streeton,estreeton2x@desdev.cn,Male,212.180.98.12
107,Davey,Stanners,dstanners2y@etsy.com,Male,193.236.172.93
108,Mallissa,Albery,malbery2z@ning.com,Female,203.207.177.77
109,Pippy,Melloy,pmelloy30@cmu.edu,Female,223.181.178.111
110,Carroll,Hagan,chagan31@4shared.com,Male,214.79.34.161
111,Virgina,Relfe,vrelfe32@businessweek.com,Female,188.63.62.50
112,Franky,Thumim,fthumim33@accuweather.com,Male,170.21.175.214
113,Sabra,Boullen,sboullen34@salon.com,Female,66.173.64.108
114,Salem,Hooks,shooks35@mlb.com,Male,224.152.131.69
115,Kacie,McKitterick,kmckitterick36@booking.com,Female,105.160.9.68
116,Dun,Housley,dhousley37@quantcast.com,Male,91.127.161.61
117,Marney,Catterill,mcatterill38@geocities.jp,Female,138.57.82.161
118,Valencia,Ather,vather39@tamu.edu,Female,156.51.188.197
119,Quillan,Mardle,qmardle3a@hibu.com,Male,223.110.38.35
120,Rodolphe,Pavel,rpavel3b@nhs.uk,Male,54.169.147.157
121,Rutledge,Bradshaw,rbradshaw3c@harvard.edu,Male,104.61.209.252
122,Ameline,Monson,amonson3d@cargocollective.com,Female,27.55.82.6
123,Koral,Oakley,koakley3e@topsy.com,Female,43.4.134.77
124,Maison,Lindeberg,mlindeberg3f@marriott.com,Male,162.37.249.14
125,Pasquale,Fullegar,pfullegar3g@xinhuanet.com,Male,18.141.185.115
126,Othello,Filyaev,ofilyaev3h@arizona.edu,Male,44.163.61.73
127,Bary,Le Barr,blebarr3i@usda.gov,Male,189.33.147.74
128,Ofilia,Crowcroft,ocrowcroft3j@themeforest.net,Female,251.62.126.59
129,Eugine,Goncaves,egoncaves3k@icio.us,Female,126.191.46.7
130,Amil,Luxon,aluxon3l@bloglines.com,Female,35.159.81.119
131,Blakelee,McGowan,bmcgowan3m@foxnews.com,Female,114.137.43.115
132,Hymie,Ades,hades3n@wix.com,Male,36.139.197.16
133,Phillipe,Ferrarini,pferrarini3o@disqus.com,Male,168.82.90.105
134,Cathee,Killough,ckillough3p@discuz.net,Female,47.18.9.210
135,Klement,Sharpous,ksharpous3q@paypal.com,Male,185.132.146.120
136,Saxon,Braikenridge,sbraikenridge3r@boston.com,Male,240.229.48.123
137,Sasha,Lande,slande3s@livejournal.com,Male,16.179.235.72
138,Francisco,Kohnert,fkohnert3t@ted.com,Male,29.251.173.35
139,Noel,O'Moylan,nomoylan3u@delicious.com,Female,3.130.13.97
140,Janaya,Eads,jeads3v@dot.gov,Female,125.86.71.133
141,Dorelle,Girardot,dgirardot3w@nyu.edu,Female,79.26.39.205
142,Jeannie,Woolfall,jwoolfall3x@nasa.gov,Female,72.70.179.67
143,Arley,Hairsnape,ahairsnape3y@businesswire.com,Male,132.65.112.96
144,Ludwig,Haward,lhaward3z@quantcast.com,Male,179.179.194.214
145,Scarlet,Pavelin,spavelin40@surveymonkey.com,Female,80.174.244.84
146,Roderick,Sheircliffe,rsheircliffe41@nyu.edu,Male,7.103.222.11
147,Morey,Lanon,mlanon42@vistaprint.com,Male,106.60.79.220
148,Way,Blazejewski,wblazejewski43@nytimes.com,Male,132.78.126.114
149,Jewell,Devany,jdevany44@cisco.com,Female,110.75.236.155
150,Theodosia,Barclay,tbarclay45@google.fr,Female,88.115.147.64
151,Bridget,Bleackly,bbleackly46@theatlantic.com,Female,167.151.222.237
152,Gearard,Hammerstone,ghammerstone47@lulu.com,Male,34.218.233.170
153,Paloma,Akaster,pakaster48@abc.net.au,Female,204.201.204.66
154,Abba,Huchot,ahuchot49@narod.ru,Male,231.180.130.228
155,Domenico,Pilcher,dpilcher4a@1und1.de,Male,51.41.214.202
156,Orly,Shemilt,oshemilt4b@state.tx.us,Female,50.194.124.200
157,Sabina,Oliveto,soliveto4c@bandcamp.com,Female,12.241.147.157
158,Jacquelin,Birchenhead,jbirchenhead4d@360.cn,Female,218.7.190.175
159,Kaine,Erskin,kerskin4e@cam.ac.uk,Male,113.174.0.99
160,Cleon,Fendley,cfendley4f@dyndns.org,Male,116.127.131.102
161,Jacquenette,Gutowska,jgutowska4g@posterous.com,Female,30.74.215.171
162,Marthe,Warin,mwarin4h@telegraph.co.uk,Female,253.200.248.231
163,Marianna,Poone,mpoone4i@sina.com.cn,Female,255.98.167.69
164,Jamie,Gorrie,jgorrie4j@1688.com,Male,61.61.163.6
165,Katalin,Turfitt,kturfitt4k@loc.gov,Female,2.160.255.41
166,Travus,Flecknoe,tflecknoe4l@stumbleupon.com,Male,238.22.27.0
167,Bron,Buney,bbuney4m@loc.gov,Male,33.203.189.97
168,Anna,Birchill,abirchill4n@is.gd,Female,225.76.62.100
169,Jaye,Bootherstone,jbootherstone4o@xrea.com,Male,146.254.163.15
170,Francklin,Borwick,fborwick4p@is.gd,Male,93.22.196.82
171,Sada,Bundy,sbundy4q@usnews.com,Female,95.198.101.23
172,Laryssa,McArthur,lmcarthur4r@cloudflare.com,Female,217.231.64.28
173,Percy,Lezemore,plezemore4s@facebook.com,Male,232.245.204.117
174,Itch,Hein,ihein4t@tamu.edu,Male,219.82.89.15
175,Jayson,Markl,jmarkl4u@usgs.gov,Male,97.61.206.100
176,Carlee,Perrin,cperrin4v@ucoz.com,Female,67.58.18.188
177,Wilmer,Dumingos,wdumingos4w@example.com,Male,37.20.138.222
178,Konstantine,Bodleigh,kbodleigh4x@amazon.co.uk,Male,216.216.96.190
179,Edi,Mitchelmore,emitchelmore4y@vinaora.com,Female,104.146.174.75
180,Jessie,Stuckey,jstuckey4z@ask.com,Male,222.191.75.53
181,Hernando,Trawin,htrawin50@nydailynews.com,Male,69.33.100.248
182,Alexei,Terzo,aterzo51@weather.com,Male,126.149.249.155
183,Symon,Mucklestone,smucklestone52@xrea.com,Male,10.176.40.218
184,Cash,Pisco,cpisco53@flickr.com,Male,195.103.225.255
185,Liuka,MacKaig,lmackaig54@zimbio.com,Female,100.252.170.124
186,Pauline,Masdin,pmasdin55@si.edu,Female,196.185.110.245
187,Yule,Kruschev,ykruschev56@tmall.com,Male,246.29.157.153
188,Illa,Caghan,icaghan57@amazon.co.jp,Female,150.198.201.237
189,Hy,Growden,hgrowden58@nationalgeographic.com,Male,22.197.238.85
190,Kettie,Cavee,kcavee59@wordpress.org,Female,118.47.139.160
191,Tim,Mannagh,tmannagh5a@acquirethisname.com,Female,35.97.100.42
192,Evy,Ianitti,eianitti5b@bluehost.com,Female,72.230.181.70
193,Hakeem,Rumbold,hrumbold5c@hostgator.com,Male,238.149.205.139
194,Harlen,Chick,hchick5d@clickbank.net,Male,184.120.126.203
195,Penelopa,Clack,pclack5e@usgs.gov,Female,73.93.70.64
196,Mara,Velden,mvelden5f@i2i.jp,Female,23.148.11.129
197,Justine,Livingston,jlivingston5g@vinaora.com,Female,212.33.8.154
198,Nil,Fremantle,nfremantle5h@google.com,Male,197.187.113.203
199,Tam,Pelos,tpelos5i@moonfruit.com,Male,184.165.183.251
200,Rafi,Diament,rdiament5j@rakuten.co.jp,Male,69.109.109.151
201,Aimil,Wharton,awharton5k@rediff.com,Female,21.56.26.88
202,Nonie,Housley,nhousley5l@dmoz.org,Female,170.27.125.157
203,Fred,Grzelewski,fgrzelewski5m@utexas.edu,Male,0.224.219.103
204,Shayne,Mahy,smahy5n@auda.org.au,Male,168.235.55.225
205,Ann-marie,Freyn,afreyn5o@japanpost.jp,Female,105.2.218.212
206,Rikki,McEvilly,rmcevilly5p@squidoo.com,Female,17.155.156.202
207,Gianina,Natte,gnatte5q@list-manage.com,Female,210.210.26.120
208,Cirilo,Skeels,cskeels5r@washington.edu,Male,88.145.179.141
209,Sholom,Portman,sportman5s@t-online.de,Male,203.0.116.227
210,Cordy,De Ruggiero,cderuggiero5t@independent.co.uk,Male,205.202.209.82
211,Ulysses,Burleton,uburleton5u@columbia.edu,Male,30.118.68.184
212,Fleming,Towhey,ftowhey5v@upenn.edu,Male,174.48.45.81
213,Phip,Varndall,pvarndall5w@wired.com,Male,147.151.44.12
214,Guillema,Kenningham,gkenningham5x@webeden.co.uk,Female,99.150.86.111
215,Inge,Palia,ipalia5y@storify.com,Female,154.206.7.47
216,Yuri,Archard,yarchard5z@cbsnews.com,Male,239.103.15.3
217,Ruthanne,Stronough,rstronough60@dailymail.co.uk,Female,86.179.200.0
218,Bekki,Beamond,bbeamond61@sohu.com,Female,209.182.167.86
219,Denyse,Yushmanov,dyushmanov62@imageshack.us,Female,66.29.121.87
220,Pall,Canete,pcanete63@cocolog-nifty.com,Male,104.136.239.120
221,Emmet,McAless,emcaless64@mashable.com,Male,208.219.201.244
222,Giustina,Elbourne,gelbourne65@behance.net,Female,230.143.154.118
223,Alverta,Sherrock,asherrock66@vk.com,Female,255.251.8.182
224,Lars,De Coursey,ldecoursey67@comsenz.com,Male,219.91.37.156
225,Brose,Gillani,bgillani68@pinterest.com,Male,52.248.80.224
226,Guthry,Swift,gswift69@msu.edu,Male,236.181.250.124
227,Crissy,Gathwaite,cgathwaite6a@lycos.com,Female,246.137.158.70
228,Urbanus,Feirn,ufeirn6b@about.com,Male,134.57.129.127
229,Ferdinand,Worsam,fworsam6c@amazon.de,Male,51.156.162.181
230,Alika,Pavluk,apavluk6d@nytimes.com,Female,209.130.86.151
231,Leona,Gussin,lgussin6e@umn.edu,Female,58.214.11.253
232,Clare,Kharchinski,ckharchinski6f@sitemeter.com,Male,1.139.186.145
233,Miguelita,Andreasen,mandreasen6g@hexun.com,Female,214.185.141.2
234,Chelsie,Reed,creed6h@forbes.com,Female,136.75.1.232
235,Roddie,Blum,rblum6i@printfriendly.com,Male,213.225.153.162
236,Thelma,Bulteel,tbulteel6j@ucoz.com,Female,135.201.95.82
237,Jaine,MacDonagh,jmacdonagh6k@gov.uk,Female,79.96.67.164
238,Lavinia,Scrivenor,lscrivenor6l@altervista.org,Female,204.73.118.156
239,Arden,Burnsall,aburnsall6m@woothemes.com,Female,213.131.92.80
240,Brook,Klosa,bklosa6n@163.com,Female,192.14.49.119
241,Gillie,Lancett,glancett6o@bravesites.com,Female,178.150.251.90
242,Worthy,Le Quesne,wlequesne6p@dropbox.com,Male,195.37.59.46
243,Jereme,Morson,jmorson6q@redcross.org,Male,63.56.79.81
244,Suzanna,Braz,sbraz6r@symantec.com,Female,53.187.55.29
245,Nariko,Georgins,ngeorgins6s@examiner.com,Female,172.240.192.199
246,Caritta,Gryglewski,cgryglewski6t@amazon.com,Female,175.238.239.50
247,Helga,Seldon,hseldon6u@nytimes.com,Female,5.3.54.195
248,Cindra,Molson,cmolson6v@unblog.fr,Female,156.28.137.191
249,Vincenz,Ratter,vratter6w@msn.com,Male,191.108.105.154
250,Amandy,Teodoro,ateodoro6x@seesaa.net,Female,140.14.219.74
251,Woodie,Bottjer,wbottjer6y@businesswire.com,Male,1.122.34.168
252,Nichol,Swaffer,nswaffer6z@weibo.com,Female,144.101.11.197
253,Arlette,Worboys,aworboys70@exblog.jp,Female,63.136.124.215
254,Saba,Grunguer,sgrunguer71@google.co.uk,Female,111.145.145.145
255,Nevsa,Vallery,nvallery72@gravatar.com,Female,85.86.90.252
256,Chadwick,Jentet,cjentet73@zdnet.com,Male,154.45.179.171
257,Loralee,Misk,lmisk74@ezinearticles.com,Female,201.93.152.97
258,Stevie,Melland,smelland75@cisco.com,Male,14.42.1.127
259,Janeva,Tollow,jtollow76@discovery.com,Female,223.134.168.108
260,Jasper,Leggen,jleggen77@rediff.com,Male,243.60.67.24
261,Cornell,Jiru,cjiru78@zimbio.com,Male,253.216.128.83
262,Red,Curee,rcuree79@nymag.com,Male,164.58.233.145
263,Reena,Najafian,rnajafian7a@ibm.com,Female,221.34.36.42
264,Richard,Hargerie,rhargerie7b@com.com,Male,157.52.74.200
265,Datha,Renak,drenak7c@a8.net,Female,75.130.248.216
266,Al,McKmurrie,amckmurrie7d@skyrock.com,Male,240.125.34.164
267,Ludovika,Gudeman,lgudeman7e@hexun.com,Female,214.138.188.124
268,Darryl,Kydd,dkydd7f@google.co.uk,Female,248.140.146.83
269,Maxim,Chawner,mchawner7g@sphinn.com,Male,28.173.17.31
270,Gerry,Harmer,gharmer7h@vk.com,Male,195.36.23.201
271,Teddi,Olden,tolden7i@deliciousdays.com,Female,108.40.228.57
272,Zacharie,Smout,zsmout7j@amazon.co.uk,Male,63.241.215.34
273,Maddie,Duke,mduke7k@mit.edu,Female,79.23.128.51
274,Gianna,McVanamy,gmcvanamy7l@bandcamp.com,Female,180.232.152.208
275,Dayna,Telezhkin,dtelezhkin7m@cnn.com,Female,116.136.166.105
276,Stephana,Jobbins,sjobbins7n@ucoz.ru,Female,100.162.237.150
277,Ellynn,McCorkell,emccorkell7o@tinyurl.com,Female,48.198.251.39
278,Jareb,Pagon,jpagon7p@xing.com,Male,48.6.203.44
279,Cull,Apdell,capdell7q@jiathis.com,Male,222.110.116.189
280,Evangeline,Picheford,epicheford7r@pagesperso-orange.fr,Female,158.130.197.237
281,Ingmar,McCullogh,imccullogh7s@xinhuanet.com,Male,12.108.12.32
282,Nap,Legister,nlegister7t@drupal.org,Male,24.237.91.141
283,Giralda,Bowry,gbowry7u@sakura.ne.jp,Female,151.122.242.192
284,Paddy,Sweatland,psweatland7v@huffingtonpost.com,Male,191.126.148.168
285,Townsend,Nobriga,tnobriga7w@boston.com,Male,29.84.69.37
286,Keelia,Alleburton,kalleburton7x@people.com.cn,Female,198.228.92.4
287,Chad,Pasquale,cpasquale7y@jiathis.com,Male,131.61.130.90
288,Trefor,Sinnat,tsinnat7z@huffingtonpost.com,Male,109.86.248.164
289,Wilfrid,Cady,wcady80@gnu.org,Male,11.84.14.89
290,Jermain,Dolohunty,jdolohunty81@studiopress.com,Male,192.80.12.145
291,Camile,Wartnaby,cwartnaby82@bloglovin.com,Female,42.212.246.26
292,Tandi,Plain,tplain83@homestead.com,Female,62.65.66.219
293,Brande,Messier,bmessier84@storify.com,Female,181.6.12.117
294,Kris,Eyres,keyres85@psu.edu,Female,249.157.127.102
295,Cora,Pickavant,cpickavant86@ucoz.ru,Female,254.35.38.40
296,Aurelea,Yanukhin,ayanukhin87@amazon.de,Female,137.161.141.218
297,Ailee,Robken,arobken88@nifty.com,Female,155.31.168.213
298,Erinn,Bread,ebread89@edublogs.org,Female,107.179.68.131
299,Zebadiah,Tedorenko,ztedorenko8a@trellian.com,Male,207.248.233.191
300,Agnesse,Hubatsch,ahubatsch8b@lulu.com,Female,39.140.69.33
301,Johnnie,Bevens,jbevens8c@wikia.com,Male,2.131.108.109
302,Hugues,Everson,heverson8d@hc360.com,Male,157.32.209.239
303,Taite,Attwool,tattwool8e@blinklist.com,Male,212.86.23.74
304,Maryanne,Foulser,mfoulser8f@i2i.jp,Female,242.126.82.84
305,Jaimie,Ford,jford8g@nasa.gov,Female,114.1.10.164
306,Keith,Seebright,kseebright8h@sitemeter.com,Male,84.217.179.148
307,Terencio,Tynan,ttynan8i@barnesandnoble.com,Male,72.90.177.180
308,Krishna,Cohalan,kcohalan8j@livejournal.com,Male,64.240.89.170
309,William,Bowdidge,wbowdidge8k@jalbum.net,Male,249.184.109.17
310,Harmony,Gooderridge,hgooderridge8l@tripadvisor.com,Female,30.28.154.66
311,Hayley,La Vigne,hlavigne8m@senate.gov,Female,4.6.60.47
312,Carrie,Schrader,cschrader8n@vk.com,Female,203.119.107.71
313,Justino,Moncey,jmoncey8o@friendfeed.com,Male,158.101.79.66
314,Archibold,Plan,aplan8p@elegantthemes.com,Male,182.112.34.185
315,Ronda,Buddock,rbuddock8q@yahoo.co.jp,Female,106.61.158.144
316,Cal,Bristo,cbristo8r@ihg.com,Female,185.44.137.93
317,Maridel,Orpyne,morpyne8s@hatena.ne.jp,Female,173.118.249.5
318,Frasier,Foxworthy,ffoxworthy8t@chicagotribune.com,Male,213.70.251.196
319,Morie,Tabbitt,mtabbitt8u@wp.com,Male,125.134.146.78
320,Hartley,Lavarack,hlavarack8v@baidu.com,Male,13.61.205.233
321,Ann-marie,Pimer,apimer8w@youtube.com,Female,43.86.215.168
322,Reamonn,Brownsey,rbrownsey8x@google.com.au,Male,122.17.27.253
323,Ernie,Soggee,esoggee8y@ucla.edu,Male,102.249.129.191
324,Ofelia,Alday,oalday8z@craigslist.org,Female,48.57.166.53
325,Evvie,Gowlett,egowlett90@dailymotion.com,Female,128.125.71.177
326,Maurene,Twells,mtwells91@zimbio.com,Female,186.51.91.67
327,Ellswerth,Morena,emorena92@sourceforge.net,Male,16.251.138.193
328,Esme,Brugmann,ebrugmann93@theguardian.com,Female,243.124.221.64
329,Enrique,Eytel,eeytel94@usgs.gov,Male,52.16.206.12
330,Sophronia,Cathrall,scathrall95@nih.gov,Female,67.115.85.58
331,Issiah,Lambotin,ilambotin96@tinypic.com,Male,229.254.229.140
332,Aland,Curry,acurry97@google.nl,Male,192.84.144.190
333,Elisabetta,Abrahamian,eabrahamian98@ed.gov,Female,20.197.233.245
334,Chantalle,Loos,cloos99@unicef.org,Female,240.100.31.43
335,Hubie,Geraud,hgeraud9a@theguardian.com,Male,94.175.4.93
336,Jacquenetta,Lawtie,jlawtie9b@stanford.edu,Female,27.134.161.248
337,Culley,Oventon,coventon9c@spiegel.de,Male,175.136.13.112
338,Radcliffe,Verheyden,rverheyden9d@themeforest.net,Male,62.176.95.83
339,Spenser,Hargreaves,shargreaves9e@4shared.com,Male,86.238.60.230
340,Lucia,Luckwell,lluckwell9f@ucla.edu,Female,230.193.106.128
341,Gaby,Delcastel,gdelcastel9g@scientificamerican.com,Male,186.7.45.71
342,Dore,Birds,dbirds9h@cisco.com,Female,99.94.131.98
343,Doti,Burdess,dburdess9i@ovh.net,Female,138.140.90.128
344,Johanna,Srawley,jsrawley9j@census.gov,Female,67.10.69.151
345,Udale,Cowser,ucowser9k@hugedomains.com,Male,97.234.157.219
346,Gordon,Mole,gmole9l@exblog.jp,Male,58.251.148.137
347,Valentine,Heistermann,vheistermann9m@hibu.com,Female,209.234.99.189
348,Taylor,Swindall,tswindall9n@cmu.edu,Male,215.67.221.151
349,Caressa,Haselup,chaselup9o@ovh.net,Female,37.29.207.229
350,Jessee,O'Hannigan,johannigan9p@fc2.com,Male,212.117.173.168
351,Prescott,Glenn,pglenn9q@ebay.co.uk,Male,56.16.101.53
352,Stillmann,Antunez,santunez9r@smh.com.au,Male,7.50.94.134
353,Catha,Schubart,cschubart9s@360.cn,Female,205.188.30.153
354,Leonardo,Abthorpe,labthorpe9t@chicagotribune.com,Male,228.199.122.161
355,Erma,Posse,eposse9u@unc.edu,Female,238.119.157.114
356,Karon,Crat,kcrat9v@flavors.me,Female,85.136.251.37
357,Katuscha,Ambroix,kambroix9w@google.de,Female,178.11.98.7
358,Quint,Jaffra,qjaffra9x@who.int,Male,65.191.168.171
359,Ginger,Dreus,gdreus9y@ameblo.jp,Male,69.116.254.129
360,Rochelle,Tyght,rtyght9z@answers.com,Female,138.186.199.80
361,Rhiamon,Warlowe,rwarlowea0@bbc.co.uk,Female,103.8.169.76
362,Gun,Reinhart,greinharta1@boston.com,Male,173.42.122.160
363,Lynn,Filipczynski,lfilipczynskia2@last.fm,Female,146.179.129.202
364,Merrie,Youthed,myoutheda3@ezinearticles.com,Female,170.206.109.150
365,Wittie,Giametti,wgiamettia4@newsvine.com,Male,40.236.214.41
366,Mareah,Boykett,mboyketta5@1688.com,Female,158.252.39.176
367,Abagael,O'Corren,aocorrena6@cbsnews.com,Female,84.169.1.143
368,Westbrook,Richemond,wrichemonda7@dedecms.com,Male,27.104.138.137
369,Wynne,Kimmitt,wkimmitta8@xinhuanet.com,Female,247.78.28.60
370,Bartlett,Olensby,bolensbya9@comcast.net,Male,111.144.214.168
371,Amye,Figgures,afigguresaa@printfriendly.com,Female,170.246.42.47
372,Jacquette,Annett,jannettab@yahoo.co.jp,Female,79.38.29.20
373,Jerry,Petken,jpetkenac@domainmarket.com,Female,251.238.103.112
374,Krystle,Souley,ksouleyad@mlb.com,Female,185.151.149.24
375,Granny,Stanistreet,gstanistreetae@jimdo.com,Male,217.198.196.53
376,Hartwell,Samson,hsamsonaf@webeden.co.uk,Male,254.25.42.60
377,Courtnay,O' Mulderrig,comulderrigag@seattletimes.com,Male,187.155.51.5
378,Stearn,McMurthy,smcmurthyah@cpanel.net,Male,37.45.108.47
379,Eryn,Stringfellow,estringfellowai@t.co,Female,234.116.116.227
380,Dynah,Petcher,dpetcheraj@pbs.org,Female,193.190.131.164
381,Carlin,Tolomelli,ctolomelliak@cpanel.net,Male,222.126.160.140
382,Edouard,Snasel,esnaselal@bbb.org,Male,124.71.148.97
383,Harriet,Ferrone,hferroneam@abc.net.au,Female,21.79.248.110
384,Ravi,Harm,rharman@cdc.gov,Male,195.13.250.170
385,Stanton,Pill,spillao@shinystat.com,Male,162.217.77.217
386,Ellsworth,Sein,eseinap@godaddy.com,Male,218.5.33.253
387,Leanor,Wilton,lwiltonaq@wikia.com,Female,33.232.174.142
388,Isabelle,Kinkead,ikinkeadar@salon.com,Female,184.46.243.182
389,Bord,Lymer,blymeras@constantcontact.com,Male,131.251.43.99
390,Conney,Loble,clobleat@ox.ac.uk,Male,60.151.11.15
391,Bunni,Gettens,bgettensau@vinaora.com,Female,32.212.8.110
392,Wallache,Catterick,wcatterickav@zdnet.com,Male,255.87.237.202
393,Marielle,Kellog,mkellogaw@twitpic.com,Female,217.157.55.146
394,Hilary,Andrivot,handrivotax@disqus.com,Female,226.122.198.247
395,Phylys,Itskovitz,pitskovitzay@ocn.ne.jp,Female,139.31.126.14
396,Griffin,Spellar,gspellaraz@mlb.com,Male,119.36.187.41
397,Pattin,Bulgen,pbulgenb0@lycos.com,Male,22.89.5.78
398,Godwin,Napolione,gnapolioneb1@hc360.com,Male,79.188.254.33
399,Alford,Glackin,aglackinb2@ca.gov,Male,111.166.152.127
400,Daren,Leyfield,dleyfieldb3@prweb.com,Male,236.181.73.233
401,Lisette,Graveston,lgravestonb4@howstuffworks.com,Female,76.51.196.165
402,Kalil,Mancktelow,kmancktelowb5@wikia.com,Male,2.208.250.98
403,Pasquale,Masserel,pmasserelb6@oakley.com,Male,74.76.112.14
404,Evaleen,Cockarill,ecockarillb7@360.cn,Female,75.52.94.193
405,Phylis,Raden,pradenb8@blog.com,Female,45.99.215.214
406,Prince,Jewis,pjewisb9@goo.gl,Male,156.180.36.179
407,Tobi,Kubes,tkubesba@de.vu,Female,128.112.31.13
408,Rhetta,Yeliashev,ryeliashevbb@i2i.jp,Female,225.208.116.181
409,Alexandrina,Sumsion,asumsionbc@infoseek.co.jp,Female,65.248.137.165
410,Killian,Cranmor,kcranmorbd@nyu.edu,Male,17.45.19.28
411,Neddie,Dovidaitis,ndovidaitisbe@angelfire.com,Male,151.210.123.157
412,Malorie,Heakins,mheakinsbf@illinois.edu,Female,130.84.134.156
413,Lorene,Orehead,loreheadbg@narod.ru,Female,194.146.168.12
414,Alecia,Stelfax,astelfaxbh@ustream.tv,Female,16.55.167.106
415,Chanda,Coalbran,ccoalbranbi@ow.ly,Female,25.19.179.186
416,Rayna,Scroxton,rscroxtonbj@telegraph.co.uk,Female,32.21.136.56
417,Lianne,Gaddesby,lgaddesbybk@apple.com,Female,7.161.112.253
418,Auberon,Farman,afarmanbl@oaic.gov.au,Male,219.49.244.43
419,Christie,Frears,cfrearsbm@t-online.de,Female,86.216.195.107
420,Merline,Blann,mblannbn@fotki.com,Female,29.124.204.160
421,Tabbatha,Bennetts,tbennettsbo@friendfeed.com,Female,119.104.39.135
422,Eldridge,Timmermann,etimmermannbp@businessweek.com,Male,172.203.131.22
423,Midge,O'Connolly,moconnollybq@hhs.gov,Female,156.213.118.169
424,Bert,Bockman,bbockmanbr@usatoday.com,Male,200.241.202.211
425,Jeni,Ribeiro,jribeirobs@twitter.com,Female,218.142.213.178
426,Lambert,Leates,lleatesbt@abc.net.au,Male,235.172.11.185
427,Benjie,Moukes,bmoukesbu@army.mil,Male,122.191.61.207
428,Shaina,Harvey,sharveybv@theatlantic.com,Female,206.204.119.107
429,Channa,Vears,cvearsbw@google.com.br,Female,206.31.129.226
430,Rollie,Valentetti,rvalentettibx@usgs.gov,Male,247.79.127.89
431,Charlot,Harcombe,charcombeby@washingtonpost.com,Female,46.26.41.18
432,Cornela,Pidler,cpidlerbz@sourceforge.net,Female,78.237.112.65
433,Clyde,Wash,cwashc0@noaa.gov,Male,139.172.134.149
434,Lorine,Sudron,lsudronc1@wikia.com,Female,165.41.88.242
435,Natal,Hamson,nhamsonc2@163.com,Male,184.221.241.36
436,Jeanine,Carlos,jcarlosc3@craigslist.org,Female,220.91.15.142
437,Verla,Bissett,vbissettc4@cdc.gov,Female,163.222.237.57
438,Godfry,Gatecliff,ggatecliffc5@state.gov,Male,240.123.94.255
439,Bronnie,Kornyakov,bkornyakovc6@examiner.com,Male,244.207.34.32
440,Candice,Mallall,cmallallc7@google.de,Female,217.103.14.254
441,Quintus,Beggs,qbeggsc8@gizmodo.com,Male,211.21.63.239
442,Miranda,Wittleton,mwittletonc9@lycos.com,Female,72.74.15.242
443,Gussy,Ebhardt,gebhardtca@reference.com,Female,53.178.175.23
444,Major,Kennelly,mkennellycb@spiegel.de,Male,141.206.176.255
445,Lazar,Yves,lyvescc@bluehost.com,Male,189.215.85.6
446,Jerri,Stedell,jstedellcd@hubpages.com,Male,199.170.196.42
447,Bondie,Warbey,bwarbeyce@ocn.ne.jp,Male,188.86.225.180
448,Evelyn,Learoid,elearoidcf@jigsy.com,Female,251.99.141.254
449,Brander,Brinkman,bbrinkmancg@mac.com,Male,125.62.138.161
450,Karol,Brewis,kbrewisch@businessinsider.com,Female,69.141.255.185
451,Jaye,Trubshawe,jtrubshaweci@washingtonpost.com,Male,170.251.39.35
452,Inna,Satchel,isatchelcj@technorati.com,Female,215.89.130.175
453,Langsdon,Lummasana,llummasanack@whitehouse.gov,Male,177.8.16.123
454,Agretha,Saw,asawcl@amazon.co.jp,Female,223.138.186.207
455,Nye,Zanussii,nzanussiicm@latimes.com,Male,251.203.183.107
456,Paola,Lipp,plippcn@rakuten.co.jp,Female,117.231.101.189
457,Redd,Hoofe,rhoofeco@china.com.cn,Male,45.3.212.188
458,Huntington,Kalewe,hkalewecp@craigslist.org,Male,122.132.217.31
459,Hannis,Alpe,halpecq@army.mil,Female,98.186.149.114
460,Cora,Shuter,cshutercr@ca.gov,Female,218.173.84.116
461,Briana,Hugli,bhuglics@samsung.com,Female,56.192.46.152
462,Jeanne,Burlay,jburlayct@mapy.cz,Female,158.6.78.255
463,Michaeline,Sidwick,msidwickcu@thetimes.co.uk,Female,32.12.44.64
464,Theresina,Deftie,tdeftiecv@domainmarket.com,Female,155.193.219.130
465,Jorge,Mustard,jmustardcw@ft.com,Male,218.109.195.185
466,Samaria,Pippard,spippardcx@moonfruit.com,Female,70.72.115.238
467,Quint,Petracchi,qpetracchicy@zimbio.com,Male,73.55.87.39
468,Skelly,Elcom,selcomcz@jimdo.com,Male,125.12.205.96
469,Eolande,Testo,etestod0@freewebs.com,Female,186.8.184.10
470,Garek,Monkton,gmonktond1@hao123.com,Male,54.140.134.65
471,Sasha,Burchfield,sburchfieldd2@alibaba.com,Male,67.150.26.3
472,Myranda,Raulin,mraulind3@1688.com,Female,57.139.95.219
473,Rhodia,Le Grove,rlegroved4@un.org,Female,19.42.27.63
474,Riobard,Bedminster,rbedminsterd5@mail.ru,Male,148.213.157.9
475,Lothaire,Volkes,lvolkesd6@myspace.com,Male,94.130.115.216
476,Leland,Nares,lnaresd7@photobucket.com,Female,143.250.149.78
477,Meagan,Sewell,msewelld8@bravesites.com,Female,175.23.150.4
478,Burl,Vasyukhnov,bvasyukhnovd9@time.com,Male,93.127.70.53
479,Judith,Le Breton,jlebretonda@dyndns.org,Female,140.7.149.185
480,Esdras,Fannin,efannindb@jiathis.com,Male,153.145.102.218
481,Milka,Knapton,mknaptondc@storify.com,Female,250.25.181.168
482,Guillaume,Cluley,gcluleydd@fastcompany.com,Male,26.183.119.158
483,Meghan,Spaduzza,mspaduzzade@ovh.net,Female,25.102.134.69
484,Thaddus,Raincin,traincindf@google.nl,Male,198.61.106.50
485,Alexis,Chuck,achuckdg@hao123.com,Female,166.189.166.151
486,Ardisj,Blanshard,ablansharddh@ustream.tv,Female,100.254.10.41
487,Keriann,Firpi,kfirpidi@marketwatch.com,Female,201.144.80.14
488,Nichole,Vowdon,nvowdondj@eventbrite.com,Female,171.46.247.0
489,Frasquito,Tyce,ftycedk@microsoft.com,Male,189.8.176.124
490,Wade,Tucknott,wtucknottdl@gnu.org,Male,33.239.27.45
491,Kendre,Paulsen,kpaulsendm@blogtalkradio.com,Female,129.227.141.25
492,Chariot,Blenkinsop,cblenkinsopdn@shop-pro.jp,Male,47.24.9.69
493,Dotty,Styan,dstyando@usa.gov,Female,19.215.9.239
494,Gearard,Clever,gcleverdp@lulu.com,Male,105.224.74.229
495,Gilligan,Desouza,gdesouzadq@mayoclinic.com,Female,184.107.167.229
496,Benedikt,McSorley,bmcsorleydr@zimbio.com,Male,16.151.222.41
497,Alphonso,Goford,agofordds@sina.com.cn,Male,111.210.170.75
498,Marty,Coldicott,mcoldicottdt@sbwire.com,Female,108.127.46.157
499,Fanny,Shimwell,fshimwelldu@alibaba.com,Female,151.200.230.220
500,Chandler,McVitie,cmcvitiedv@e-recht24.de,Male,34.143.68.117
501,Lester,Miller,lmillerdw@webeden.co.uk,Male,105.52.26.103
502,Jayme,Giamelli,jgiamellidx@imageshack.us,Male,33.59.244.255
503,Laverne,Langabeer,llangabeerdy@friendfeed.com,Female,189.194.28.222
504,Sonnie,Laville,slavilledz@amazon.co.jp,Female,243.186.198.40
505,Reinald,Layman,rlaymane0@xrea.com,Male,4.108.225.64
506,Maressa,Storrier,mstorriere1@angelfire.com,Female,23.163.230.234
507,Alis,Waldrum,awaldrume2@mediafire.com,Female,243.133.84.176
508,Niki,Belsham,nbelshame3@delicious.com,Male,244.71.9.69
509,Mirabel,Steane,msteanee4@mysql.com,Female,157.213.3.162
510,Odo,Moxham,omoxhame5@tmall.com,Male,182.60.192.30
511,Susanna,Warfield,swarfielde6@yandex.ru,Female,213.226.132.56
512,Bonnee,Whiles,bwhilese7@com.com,Female,251.176.133.91
513,Lawton,Duffin,lduffine8@latimes.com,Male,108.230.152.96
514,Shanie,Werlock,swerlocke9@acquirethisname.com,Female,128.107.153.10
515,Skell,Lorking,slorkingea@friendfeed.com,Male,234.83.179.100
516,Ara,Cowland,acowlandeb@imgur.com,Female,198.186.75.148
517,Denver,Brumpton,dbrumptonec@slideshare.net,Male,97.201.33.200
518,Aurelie,LeEstut,aleestuted@illinois.edu,Female,41.25.29.205
519,Elyn,Dummer,edummeree@facebook.com,Female,130.181.142.56
520,Cristin,Emanuele,cemanueleef@pagesperso-orange.fr,Female,45.182.196.157
521,Maximilian,Swannell,mswannelleg@desdev.cn,Male,29.143.61.100
522,Hugibert,Coatman,hcoatmaneh@pagesperso-orange.fr,Male,136.221.5.104
523,Kalinda,Mattack,kmattackei@theglobeandmail.com,Female,128.60.62.141
524,Milt,Isacq,misacqej@purevolume.com,Male,144.112.198.41
525,Eliot,Erb,eerbek@aol.com,Male,153.175.233.241
526,Jeni,Swynley,jswynleyel@narod.ru,Female,25.172.225.172
527,Dacie,Jakab,djakabem@gravatar.com,Female,32.174.35.30
528,Neilla,Kloser,nkloseren@virginia.edu,Female,3.5.190.252
529,Helaina,O'Carran,hocarraneo@utexas.edu,Female,75.182.47.255
530,Lelah,Cleugher,lcleugherep@mlb.com,Female,98.99.74.214
531,Barbee,O'Cannan,bocannaneq@indiatimes.com,Female,249.247.195.41
532,Meta,Benford,mbenforder@mlb.com,Female,59.210.210.36
533,Amandy,Takle,ataklees@webeden.co.uk,Female,106.231.208.157
534,Aurel,Kisbey,akisbeyet@chron.com,Female,92.125.9.164
535,Rozalie,Ghiroldi,rghiroldieu@soundcloud.com,Female,4.37.166.51
536,Koralle,Fouch,kfouchev@globo.com,Female,167.65.91.217
537,Frances,McTiernan,fmctiernanew@army.mil,Female,224.159.96.149
538,Tessi,Dello,tdelloex@spiegel.de,Female,97.245.32.10
539,Krispin,O'Keenan,kokeenaney@slate.com,Male,214.88.170.204
540,Aguistin,Giordano,agiordanoez@house.gov,Male,47.245.1.42
541,Windham,Rewcassell,wrewcassellf0@chronoengine.com,Male,93.34.118.178
542,Blondell,Lukesch,blukeschf1@clickbank.net,Female,50.199.138.33
543,Reed,Chappell,rchappellf2@pen.io,Male,130.180.157.87
544,Mattias,Dudding,mduddingf3@shareasale.com,Male,235.195.208.67
545,Liam,McGillreich,lmcgillreichf4@liveinternet.ru,Male,125.184.86.236
546,Lorelle,Crisell,lcrisellf5@mapy.cz,Female,218.189.202.250
547,Sharai,Pavyer,spavyerf6@theglobeandmail.com,Female,242.33.193.87
548,Lyman,Jervois,ljervoisf7@biblegateway.com,Male,201.98.2.33
549,Anjela,Dowry,adowryf8@ezinearticles.com,Female,136.172.28.213
550,Lek,Crighton,lcrightonf9@china.com.cn,Male,21.48.239.81
551,Avram,Eastby,aeastbyfa@1688.com,Male,184.7.118.192
552,Yancey,Flowerdew,yflowerdewfb@addthis.com,Male,160.96.32.235
553,Liuka,Hughlock,lhughlockfc@bloglovin.com,Female,220.0.86.93
554,Claudell,Oakeby,coakebyfd@walmart.com,Male,66.115.111.52
555,Pepi,Brownhill,pbrownhillfe@blog.com,Female,135.132.50.26
556,Adan,Pennacci,apennacciff@free.fr,Female,142.90.242.235
557,Alisun,Saltman,asaltmanfg@posterous.com,Female,138.170.56.182
558,Currey,Lornsen,clornsenfh@hao123.com,Male,220.203.94.82
559,Starla,Autie,sautiefi@yellowpages.com,Female,175.204.0.115
560,Onfroi,Packington,opackingtonfj@homestead.com,Male,2.53.160.72
561,Pryce,MacPaik,pmacpaikfk@hugedomains.com,Male,34.233.80.7
562,Corri,Deeman,cdeemanfl@nature.com,Female,81.50.192.177
563,Case,Costock,ccostockfm@slashdot.org,Male,205.177.196.6
564,Fidela,Cowper,fcowperfn@hibu.com,Female,148.228.187.86
565,Orelie,Breadon,obreadonfo@is.gd,Female,84.129.230.90
566,Gothart,Bolsover,gbolsoverfp@tinypic.com,Male,84.115.119.174
567,Welbie,Sims,wsimsfq@sphinn.com,Male,37.115.237.236
568,Jean,Murley,jmurleyfr@zdnet.com,Male,38.32.117.217
569,Egbert,Battrum,ebattrumfs@woothemes.com,Male,28.29.157.229
570,Dasya,Ghiotto,dghiottoft@github.io,Female,212.8.177.37
571,Elijah,Mournian,emournianfu@cbslocal.com,Male,36.240.13.235
572,Adriano,Revington,arevingtonfv@google.ca,Male,24.155.96.34
573,Trixi,Tuppeny,ttuppenyfw@ifeng.com,Female,163.3.217.170
574,Jocelin,Gresswell,jgresswellfx@cam.ac.uk,Female,54.151.85.147
575,Harmon,Bunker,hbunkerfy@rediff.com,Male,148.42.16.220
576,Delphinia,Marrion,dmarrionfz@people.com.cn,Female,115.8.213.7
577,Kelcy,Ruoff,kruoffg0@msu.edu,Female,0.188.236.238
578,Forester,Bushaway,fbushawayg1@hubpages.com,Male,36.100.240.110
579,Rudolfo,Wilkin,rwilking2@ftc.gov,Male,53.121.116.186
580,Carlen,Skeech,cskeechg3@businessweek.com,Female,12.205.254.14
581,Miranda,Howbrook,mhowbrookg4@so-net.ne.jp,Female,46.103.93.121
582,Nanon,Crayden,ncraydeng5@domainmarket.com,Female,112.46.36.161
583,Chrystal,Emmens,cemmensg6@multiply.com,Female,188.142.191.94
584,Janeczka,Brilleman,jbrillemang7@tiny.cc,Female,110.181.27.57
585,Francis,McIlraith,fmcilraithg8@seattletimes.com,Male,17.116.22.113
586,Dolli,Mor,dmorg9@altervista.org,Female,212.104.82.187
587,Cortie,Furmage,cfurmagega@cornell.edu,Male,215.121.165.208
588,Homerus,Farrens,hfarrensgb@utexas.edu,Male,210.135.236.175
589,Faina,Eadie,feadiegc@economist.com,Female,186.197.95.108
590,Alleen,Pfeffle,apfefflegd@fda.gov,Female,199.213.216.81
591,Bryn,Blankenship,bblankenshipge@jimdo.com,Female,92.142.223.165
592,Blondy,Lopez,blopezgf@51.la,Female,215.238.166.192
593,Julian,Broomfield,jbroomfieldgg@dot.gov,Male,239.161.125.137
594,Helge,McDyer,hmcdyergh@sina.com.cn,Female,202.209.77.70
595,Rikki,Lile,rlilegi@weather.com,Female,174.216.101.164
596,Eben,Spick,espickgj@nasa.gov,Male,151.232.131.114
597,Doti,Lofting,dloftinggk@theatlantic.com,Female,162.116.238.240
598,Melisandra,Martyn,mmartyngl@arstechnica.com,Female,180.79.57.201
599,Annabal,Mahon,amahongm@dmoz.org,Female,145.150.67.10
600,Krystalle,Trinkwon,ktrinkwongn@dedecms.com,Female,188.199.245.164
601,Cristie,Ould,couldgo@youtu.be,Female,87.170.202.52
602,Kissiah,Matuszynski,kmatuszynskigp@bluehost.com,Female,119.37.18.121
603,Renaud,Bostick,rbostickgq@sina.com.cn,Male,36.251.80.93
604,Ailina,Hellin,ahellingr@bluehost.com,Female,220.244.155.7
605,Mandi,Castilljo,mcastilljogs@hud.gov,Female,107.2.29.253
606,Meir,Supple,msupplegt@youtube.com,Male,40.93.255.252
607,Osbert,Cool,ocoolgu@apache.org,Male,152.67.238.165
608,Greggory,Beardon,gbeardongv@ucoz.ru,Male,112.19.81.0
609,Lazar,Linford,llinfordgw@barnesandnoble.com,Male,42.54.11.178
610,Tanhya,Heavens,theavensgx@dmoz.org,Female,125.101.172.227
611,Selby,Scolts,sscoltsgy@chicagotribune.com,Male,235.139.89.10
612,Melita,Radley,mradleygz@google.pl,Female,90.54.141.216
613,Tiffie,Govern,tgovernh0@netscape.com,Female,205.87.13.196
614,Ruthi,Eyer,reyerh1@nydailynews.com,Female,183.12.14.215
615,Sherlocke,Dainton,sdaintonh2@marriott.com,Male,72.165.37.195
616,Alasdair,Dudden,aduddenh3@symantec.com,Male,224.107.237.33
617,Georgetta,Bailey,gbaileyh4@timesonline.co.uk,Female,16.207.20.140
618,Sammie,Beche,sbecheh5@scientificamerican.com,Male,113.62.145.48
619,Giffy,Thompson,gthompsonh6@bloglines.com,Male,29.236.131.210
620,Luciana,Fone,lfoneh7@yellowpages.com,Female,138.93.156.18
621,Sofia,Gluyas,sgluyash8@g.co,Female,245.165.224.50
622,Brnaby,Scarasbrick,bscarasbrickh9@earthlink.net,Male,56.124.205.45
623,Justine,Skelly,jskellyha@blog.com,Female,166.12.76.241
624,Shannon,Shellard,sshellardhb@plala.or.jp,Male,44.43.146.195
625,Mariejeanne,Faircloth,mfairclothhc@indiegogo.com,Female,153.165.226.2
626,Muriel,Rudsdell,mrudsdellhd@stumbleupon.com,Female,23.176.96.52
627,Weston,Haskell,whaskellhe@seesaa.net,Male,225.101.246.20
628,Gordon,Offin,goffinhf@i2i.jp,Male,45.41.248.218
629,Federica,Barlthrop,fbarlthrophg@bbb.org,Female,92.133.88.231
630,Lamond,Postgate,lpostgatehh@netscape.com,Male,228.75.161.103
631,Miles,Puttock,mputtockhi@bandcamp.com,Male,242.147.252.214
632,Fairlie,Tick,ftickhj@google.cn,Male,193.93.224.86
633,Preston,Keirl,pkeirlhk@over-blog.com,Male,64.206.190.86
634,Bancroft,Hunnisett,bhunnisetthl@statcounter.com,Male,103.67.164.100
635,Myrna,Whitham,mwhithamhm@utexas.edu,Female,127.11.233.111
636,Sile,Rein,sreinhn@cam.ac.uk,Female,47.101.137.169
637,Sondra,Russ,srussho@columbia.edu,Female,52.193.13.118
638,Ebenezer,Hanscom,ehanscomhp@nymag.com,Male,234.25.163.24
639,Tremaine,Bointon,tbointonhq@ed.gov,Male,244.115.40.96
640,Odell,Gerssam,ogerssamhr@zdnet.com,Male,176.227.187.124
641,Diarmid,Woodvine,dwoodvinehs@com.com,Male,78.217.131.223
642,Bernadine,Crispin,bcrispinht@barnesandnoble.com,Female,38.142.104.28
643,Cora,Yitzhakov,cyitzhakovhu@mail.ru,Female,210.71.45.38
644,Gerry,Spurge,gspurgehv@fda.gov,Male,209.121.6.252
645,Tiphanie,Evitts,tevittshw@psu.edu,Female,70.65.197.181
646,Rafaela,Scripps,rscrippshx@un.org,Female,145.243.34.213
647,Adrian,felip,afeliphy@fotki.com,Male,220.204.103.75
648,Reta,Baterip,rbateriphz@businessweek.com,Female,62.239.165.66
649,Mahala,Melanaphy,mmelanaphyi0@so-net.ne.jp,Female,157.45.21.62
650,Jethro,Elie,jeliei1@fastcompany.com,Male,250.131.176.206
651,Field,O'Hearn,fohearni2@tripod.com,Male,126.178.209.144
652,Tarrance,Corris,tcorrisi3@tumblr.com,Male,99.173.133.87
653,Townsend,Adamowicz,tadamowiczi4@scientificamerican.com,Male,62.108.64.4
654,Clary,Lerohan,clerohani5@arizona.edu,Female,173.29.95.250
655,Aleda,Kleinholz,akleinholzi6@pinterest.com,Female,55.88.221.81
656,Tate,Kilian,tkiliani7@unblog.fr,Male,127.7.252.128
657,Rogers,Gerardot,rgerardoti8@mit.edu,Male,49.164.151.206
658,Audy,Domesday,adomesdayi9@vistaprint.com,Female,148.210.188.87
659,Haley,Munslow,hmunslowia@linkedin.com,Male,71.39.93.160
660,Sergio,Pardon,spardonib@hostgator.com,Male,207.224.62.9
661,Leonhard,Routh,lrouthic@unesco.org,Male,104.120.93.93
662,Nannette,Costen,ncostenid@sohu.com,Female,36.185.7.152
663,Violetta,Ivashintsov,vivashintsovie@sciencedirect.com,Female,41.3.230.188
664,Muire,Sambells,msambellsif@rambler.ru,Female,118.113.11.242
665,Normie,Blemings,nblemingsig@ca.gov,Male,234.65.140.225
666,Marya,Fitchell,mfitchellih@smh.com.au,Female,240.151.166.212
667,Vic,Glaysher,vglaysherii@weebly.com,Male,83.73.33.203
668,Baxter,Dumingos,bdumingosij@usnews.com,Male,155.114.169.196
669,Corrie,Randales,crandalesik@patch.com,Male,226.37.6.13
670,Tremain,Stickells,tstickellsil@jiathis.com,Male,173.96.160.238
671,Nyssa,Brader,nbraderim@cisco.com,Female,93.162.17.17
672,Brittani,Brittan,bbrittanin@marriott.com,Female,79.98.196.99
673,Ollie,D'Alessio,odalessioio@house.gov,Male,104.203.105.141
674,Jerome,Blinder,jblinderip@baidu.com,Male,29.242.12.36
675,Gustav,Widger,gwidgeriq@china.com.cn,Male,209.150.20.8
676,Ailis,Allum,aallumir@wufoo.com,Female,68.70.32.2
677,Casie,Danielou,cdanielouis@surveymonkey.com,Female,115.208.15.208
678,Maribeth,Gavaran,mgavaranit@goodreads.com,Female,94.99.75.115
679,Worthington,Tarborn,wtarborniu@gnu.org,Male,20.68.99.183
680,Rahel,Feely,rfeelyiv@creativecommons.org,Female,36.163.7.5
681,Christy,Fabbro,cfabbroiw@cafepress.com,Female,40.203.155.253
682,Olin,Shuttell,oshuttellix@booking.com,Male,234.238.21.245
683,Sharleen,Uvedale,suvedaleiy@newsvine.com,Female,7.74.28.23
684,Linoel,Eberst,leberstiz@shinystat.com,Male,48.224.232.222
685,Carlynne,Lavender,clavenderj0@delicious.com,Female,141.171.51.30
686,Leona,MacNeil,lmacneilj1@guardian.co.uk,Female,160.141.237.4
687,Sibylle,Featherbie,sfeatherbiej2@icio.us,Female,194.181.143.6
688,Cart,Pirson,cpirsonj3@reddit.com,Male,174.209.118.73
689,Ariana,Rankine,arankinej4@tiny.cc,Female,200.11.158.50
690,Dolorita,Scrimgeour,dscrimgeourj5@unc.edu,Female,0.176.55.172
691,Averyl,Simeoli,asimeolij6@google.de,Female,8.48.115.39
692,Gabriellia,Attwoull,gattwoullj7@alibaba.com,Female,216.37.222.74
693,Margaretta,Crossfeld,mcrossfeldj8@apple.com,Female,176.32.118.9
694,Ernest,Bauchop,ebauchopj9@who.int,Male,33.199.178.132
695,Constance,MacNaughton,cmacnaughtonja@apache.org,Female,219.40.24.157
696,Alair,Domenicone,adomeniconejb@cyberchimps.com,Male,56.17.210.244
697,Olympe,Lecordier,olecordierjc@ihg.com,Female,194.45.205.236
698,Grantham,Giovannelli,ggiovannellijd@howstuffworks.com,Male,152.128.244.44
699,Julina,Soar,jsoarje@163.com,Female,11.122.90.39
700,Leoline,Covendon,lcovendonjf@wikia.com,Female,135.4.206.1
701,Quentin,Mapledoram,qmapledoramjg@xinhuanet.com,Male,96.211.28.234
702,Reggie,Vallerine,rvallerinejh@fc2.com,Male,113.160.241.210
703,Banky,Marzelli,bmarzelliji@npr.org,Male,63.3.120.137
704,Renell,Kettlesting,rkettlestingjj@com.com,Female,12.248.130.225
705,Biddy,Viccars,bviccarsjk@nhs.uk,Female,199.183.199.251
706,Ermin,MacShirrie,emacshirriejl@engadget.com,Male,61.167.224.87
707,Rosemonde,Monckton,rmoncktonjm@tuttocitta.it,Female,122.44.69.15
708,Denyse,Pass,dpassjn@epa.gov,Female,188.141.201.188
709,Cole,Bernot,cbernotjo@spotify.com,Male,217.110.194.156
710,Karleen,Fowell,kfowelljp@howstuffworks.com,Female,43.222.98.255
711,Corenda,Charley,ccharleyjq@youku.com,Female,165.24.214.199
712,Marquita,Corness,mcornessjr@shutterfly.com,Female,93.72.227.246
713,Cairistiona,Batrick,cbatrickjs@tmall.com,Female,91.127.76.246
714,Effie,Yearby,eyearbyjt@tiny.cc,Female,237.202.4.48
715,Julie,Mannock,jmannockju@163.com,Male,67.110.118.208
716,Ilse,Boxill,iboxilljv@tinypic.com,Female,245.203.195.237
717,Alfreda,Dirand,adirandjw@aol.com,Female,236.9.143.70
718,Pail,Twelvetree,ptwelvetreejx@artisteer.com,Male,97.55.4.62
719,Dalis,Poone,dpoonejy@google.co.jp,Male,141.104.211.65
720,Moreen,Hamill,mhamilljz@livejournal.com,Female,165.22.189.143
721,Solly,Pegden,spegdenk0@usgs.gov,Male,255.157.95.125
722,Ewart,Gratton,egrattonk1@shinystat.com,Male,90.85.196.79
723,Brendan,Wickey,bwickeyk2@diigo.com,Male,124.153.16.106
724,Emmaline,Sackler,esacklerk3@storify.com,Female,120.234.168.93
725,Rodolphe,McCowen,rmccowenk4@yolasite.com,Male,220.172.65.241
726,Shirleen,Haughton,shaughtonk5@microsoft.com,Female,190.125.130.110
727,Norene,Rennebach,nrennebachk6@hatena.ne.jp,Female,95.72.94.141
728,Antonio,Drable,adrablek7@parallels.com,Male,205.112.154.54
729,Siobhan,Bernardotti,sbernardottik8@live.com,Female,100.149.230.139
730,Jaye,Goskar,jgoskark9@imgur.com,Male,27.127.173.160
731,Cullie,Hall,challka@state.tx.us,Male,44.69.123.39
732,Tonnie,Rase,trasekb@bbb.org,Male,100.149.123.9
733,Abby,Boissieux,aboissieuxkc@uol.com.br,Female,39.141.1.58
734,Ingaborg,Dawltrey,idawltreykd@tripod.com,Female,91.238.98.41
735,Rex,Frampton,rframptonke@purevolume.com,Male,213.73.136.253
736,Keenan,Gascoine,kgascoinekf@tuttocitta.it,Male,83.197.101.189
737,Deni,Jerke,djerkekg@nifty.com,Female,21.219.20.67
738,Koren,Sustins,ksustinskh@sun.com,Female,110.6.75.243
739,Maud,Stourton,mstourtonki@people.com.cn,Female,209.179.225.82
740,Chicky,Manthroppe,cmanthroppekj@va.gov,Female,82.66.1.40
741,Merola,Hiom,mhiomkk@hp.com,Female,179.50.179.0
742,Gianna,Pottle,gpottlekl@buzzfeed.com,Female,10.7.136.222
743,Erminia,Scrooby,escroobykm@harvard.edu,Female,13.150.71.51
744,Dolly,Mole,dmolekn@foxnews.com,Female,99.86.176.107
745,Norbert,Storrie,nstorrieko@forbes.com,Male,100.1.175.123
746,Teodor,Annies,tannieskp@go.com,Male,22.159.158.37
747,Gail,Chattaway,gchattawaykq@google.fr,Male,109.159.210.196
748,Gus,Farahar,gfaraharkr@addthis.com,Female,120.187.143.15
749,Piotr,Maudlen,pmaudlenks@e-recht24.de,Male,42.34.168.54
750,Augy,Dollin,adollinkt@google.es,Male,158.117.75.170
751,Laryssa,Gooder,lgooderku@geocities.jp,Female,3.5.197.140
752,Shamus,Antos,santoskv@comsenz.com,Male,3.46.242.37
753,Ricki,McKissack,rmckissackkw@geocities.jp,Male,131.179.13.233
754,Selma,Gyorffy,sgyorffykx@hibu.com,Female,199.6.249.64
755,Wilburt,Houndsom,whoundsomky@slideshare.net,Male,246.230.68.52
756,Tasha,Claricoats,tclaricoatskz@google.nl,Female,176.96.92.158
757,Bill,Antuoni,bantuonil0@tuttocitta.it,Female,26.17.15.35
758,Olympie,Yelyashev,oyelyashevl1@odnoklassniki.ru,Female,161.141.90.190
759,Fabian,Orto,fortol2@merriam-webster.com,Male,233.32.235.58
760,Colver,Lambertson,clambertsonl3@xrea.com,Male,185.21.191.186
761,Vallie,Ivain,vivainl4@ebay.com,Female,178.136.140.82
762,Ive,Spivie,ispiviel5@arstechnica.com,Male,175.105.24.108
763,Celesta,Kynton,ckyntonl6@sogou.com,Female,98.172.66.150
764,Leonid,Gabe,lgabel7@pbs.org,Male,103.5.31.75
765,Gabriele,Locock,glocockl8@sogou.com,Male,146.11.193.48
766,Bastien,Chippindall,bchippindalll9@bloglines.com,Male,91.187.148.188
767,Ransell,Brickstock,rbrickstockla@icio.us,Male,88.63.165.149
768,Dilly,Antcliffe,dantcliffelb@dedecms.com,Male,153.140.185.132
769,Jim,Waddilow,jwaddilowlc@jalbum.net,Male,62.132.39.244
770,Winnifred,Kershow,wkershowld@nhs.uk,Female,124.130.247.3
771,Dewain,Fouldes,dfouldesle@canalblog.com,Male,189.120.17.220
772,Kissee,Le Lievre,klelievrelf@adobe.com,Female,33.114.249.117
773,Geno,Gunston,ggunstonlg@mashable.com,Male,200.118.57.200
774,Cy,Matelaitis,cmatelaitislh@forbes.com,Male,26.53.116.51
775,Carlie,Golda,cgoldali@dropbox.com,Male,243.77.190.62
776,Alla,Yon,ayonlj@indiegogo.com,Female,126.160.58.238
777,Barton,Kobpac,bkobpaclk@amazon.co.uk,Male,16.249.104.9
778,Carmon,Caudell,ccaudellll@cbslocal.com,Female,211.227.235.12
779,Sophia,Bartholomaus,sbartholomauslm@netvibes.com,Female,207.252.31.251
780,Neron,Filkov,nfilkovln@chicagotribune.com,Male,38.68.39.74
781,Ase,Kmicicki,akmicickilo@yahoo.com,Male,9.103.239.188
782,Ave,Rawdales,arawdaleslp@wikimedia.org,Male,145.193.100.65
783,Daphna,Carmichael,dcarmichaellq@discuz.net,Female,184.123.165.206
784,Zea,Hagyard,zhagyardlr@xinhuanet.com,Female,141.139.184.181
785,Pietra,Askey,paskeyls@usgs.gov,Female,214.229.203.2
786,Elspeth,Josland,ejoslandlt@chron.com,Female,85.147.143.133
787,Alyson,Nason,anasonlu@webs.com,Female,55.100.35.20
788,Isabeau,Creus,icreuslv@bbb.org,Female,121.197.156.181
789,Sheppard,Basset,sbassetlw@webeden.co.uk,Male,86.130.242.109
790,Godfrey,De Domenici,gdedomenicilx@flavors.me,Male,251.24.97.43
791,Olwen,Garment,ogarmently@usa.gov,Female,167.139.12.244
792,Jeremy,Neaverson,jneaversonlz@blogspot.com,Male,197.60.209.56
793,Brantley,Beidebeke,bbeidebekem0@epa.gov,Male,158.119.44.70
794,Linnell,Sleight,lsleightm1@nsw.gov.au,Female,150.132.128.167
795,Kippy,Genner,kgennerm2@slashdot.org,Female,37.147.101.123
796,Cosmo,Hamby,chambym3@yahoo.com,Male,19.142.206.115
797,Hardy,Harber,hharberm4@examiner.com,Male,125.164.13.93
798,Mervin,Chestnut,mchestnutm5@house.gov,Male,97.204.11.113
799,Eada,Ragborne,eragbornem6@economist.com,Female,128.34.136.222
800,Jefferey,Milward,jmilwardm7@elpais.com,Male,120.224.240.238
801,Aron,Thorwarth,athorwarthm8@nih.gov,Male,45.133.133.20
802,Bevan,Skelton,bskeltonm9@arizona.edu,Male,176.49.149.192
803,Gerrilee,Viant,gviantma@rakuten.co.jp,Female,148.52.110.112
804,Rutledge,Blacker,rblackermb@nature.com,Male,43.115.80.50
805,Justinn,Loreit,jloreitmc@woothemes.com,Female,73.102.243.240
806,Aloysius,De Roberto,aderobertomd@bbb.org,Male,80.216.229.187
807,Tulley,Shankle,tshankleme@statcounter.com,Male,207.142.156.27
808,Price,Haughey,phaugheymf@ebay.com,Male,202.153.188.195
809,Daisi,Murrison,dmurrisonmg@google.ru,Female,155.20.75.219
810,Worthy,Dibnah,wdibnahmh@ox.ac.uk,Male,112.49.148.2
811,Colin,MacKellar,cmackellarmi@constantcontact.com,Male,187.101.27.220
812,Thibaud,Tiffney,ttiffneymj@examiner.com,Male,67.207.140.162
813,Dalenna,Mc Corley,dmccorleymk@g.co,Female,1.35.103.245
814,Nicky,Panniers,npanniersml@sciencedirect.com,Female,168.104.206.153
815,Diannne,Cutchey,dcutcheymm@accuweather.com,Female,172.172.54.186
816,Hilary,Felgate,hfelgatemn@people.com.cn,Male,229.73.181.68
817,Gwenore,Draper,gdrapermo@wikispaces.com,Female,254.125.41.157
818,Lowrance,Nerney,lnerneymp@hao123.com,Male,83.108.93.144
819,Ario,Mithon,amithonmq@home.pl,Male,112.112.171.223
820,Gabby,Aslott,gaslottmr@google.com,Male,20.130.29.178
821,Findlay,Rakes,frakesms@intel.com,Male,209.168.8.25
822,Sterling,Dowall,sdowallmt@symantec.com,Male,188.255.177.161
823,Gayle,Barlthrop,gbarlthropmu@ameblo.jp,Male,248.71.63.121
824,Lemar,Norrey,lnorreymv@vistaprint.com,Male,239.36.35.227
825,Inez,Scarlett,iscarlettmw@prlog.org,Female,174.44.64.229
826,Nelia,De Fraine,ndefrainemx@addtoany.com,Female,62.216.96.9
827,Hedwiga,Skitteral,hskitteralmy@scientificamerican.com,Female,90.46.19.192
828,Pietra,Sproson,psprosonmz@omniture.com,Female,180.140.139.144
829,Brynn,Waberer,bwaberern0@gov.uk,Female,157.36.196.149
830,Viola,Rottenbury,vrottenburyn1@utexas.edu,Female,158.179.30.83
831,Alica,Merrgan,amerrgann2@hibu.com,Female,40.44.84.51
832,Ulric,Lower,ulowern3@spiegel.de,Male,16.221.164.192
833,Alfie,Healing,ahealingn4@symantec.com,Male,236.58.170.100
834,Leela,Rosenstengel,lrosenstengeln5@java.com,Female,212.106.156.247
835,Darrin,Rainville,drainvillen6@amazon.co.uk,Male,141.40.191.55
836,Alysia,Cowhig,acowhign7@de.vu,Female,229.168.60.38
837,Bobbette,Kubin,bkubinn8@multiply.com,Female,79.3.15.132
838,Ardis,Reffe,areffen9@diigo.com,Female,194.4.189.134
839,Vivyan,Boame,vboamena@altervista.org,Female,247.195.64.68
840,Konstantin,Nolder,knoldernb@ibm.com,Male,246.62.102.211
841,Izzy,Hullin,ihullinnc@squidoo.com,Male,3.0.205.214
842,Derek,Irce,dircend@webeden.co.uk,Male,200.69.74.137
843,Alaric,Davydenko,adavydenkone@weather.com,Male,110.61.243.65
844,Odelle,Hollow,ohollownf@i2i.jp,Female,38.197.37.159
845,Charissa,Fludder,cfludderng@nationalgeographic.com,Female,45.24.159.249
846,Jerrilyn,Arnoult,jarnoultnh@canalblog.com,Female,6.107.14.245
847,Neysa,Summerside,nsummersideni@barnesandnoble.com,Female,16.13.80.169
848,Dud,Lokier,dlokiernj@senate.gov,Male,245.64.75.187
849,Rosetta,Netting,rnettingnk@ucoz.ru,Female,17.87.93.237
850,Ianthe,Dublin,idublinnl@columbia.edu,Female,126.127.181.128
851,Montague,Lafaye,mlafayenm@sbwire.com,Male,139.246.28.245
852,Francisco,Palfrey,fpalfreynn@yahoo.co.jp,Male,92.212.14.134
853,Mala,Butchart,mbutchartno@narod.ru,Female,240.126.63.92
854,Virgilio,O'Dare,vodarenp@etsy.com,Male,89.2.38.144
855,Reed,Kittles,rkittlesnq@last.fm,Male,159.161.166.14
856,Ronnie,Cuddehy,rcuddehynr@w3.org,Female,134.97.96.145
857,Conroy,Bahia,cbahians@tinypic.com,Male,168.189.177.190
858,Rolph,Brightling,rbrightlingnt@xing.com,Male,210.142.73.128
859,Silvio,Benedtti,sbenedttinu@ted.com,Male,101.20.227.233
860,Cathy,Dionsetto,cdionsettonv@barnesandnoble.com,Female,26.103.196.100
861,Marti,Powderham,mpowderhamnw@sourceforge.net,Female,45.23.57.133
862,Briano,MacDougal,bmacdougalnx@diigo.com,Male,101.26.53.34
863,Rosetta,Angel,rangelny@google.de,Female,150.8.27.176
864,Trumaine,McGann,tmcgannnz@opera.com,Male,236.67.48.251
865,Pavlov,Vedyaev,pvedyaevo0@opensource.org,Male,28.4.238.132
866,Lois,Kristoffersen,lkristofferseno1@trellian.com,Female,230.164.131.126
867,Kellen,Colbrun,kcolbruno2@apache.org,Male,99.41.196.143
868,Noell,Beecker,nbeeckero3@deliciousdays.com,Female,211.8.124.102
869,Andriana,Miskimmon,amiskimmono4@cocolog-nifty.com,Female,106.205.163.97
870,Darbie,Sneaker,dsneakero5@shinystat.com,Female,157.54.190.239
871,Aigneis,Gumey,agumeyo6@360.cn,Female,218.233.239.171
872,Allistir,Kores,akoreso7@miitbeian.gov.cn,Male,59.2.150.214
873,Orion,Else,oelseo8@cam.ac.uk,Male,226.87.8.154
874,Ardelle,Rosenau,arosenauo9@exblog.jp,Female,106.52.96.69
875,Gerald,Sommerlie,gsommerlieoa@fema.gov,Male,4.3.88.157
876,Lucian,Reihm,lreihmob@indiatimes.com,Male,179.9.76.100
877,Federica,Bissill,fbissilloc@addtoany.com,Female,95.82.214.190
878,Elka,Gagg,egaggod@apache.org,Female,213.5.51.232
879,Ed,Pock,epockoe@printfriendly.com,Male,232.107.84.218
880,Eadie,Keeney,ekeeneyof@cdc.gov,Female,14.173.218.38
881,Barnard,Satterlee,bsatterleeog@pbs.org,Male,14.155.109.141
882,Kendall,Bunford,kbunfordoh@imgur.com,Male,73.191.238.7
883,Amandi,Higgoe,ahiggoeoi@deliciousdays.com,Female,193.80.142.124
884,Ricki,Gallone,rgalloneoj@earthlink.net,Male,29.168.1.191
885,Lesly,Celle,lcelleok@is.gd,Female,188.235.254.50
886,Karney,Corrado,kcorradool@1688.com,Male,186.96.107.49
887,Clarinda,Lamanby,clamanbyom@ifeng.com,Female,99.51.134.245
888,Glen,O'Hartnedy,gohartnedyon@tumblr.com,Male,73.140.86.193
889,Christine,Steven,cstevenoo@shareasale.com,Female,161.21.175.11
890,Darnall,Gilluley,dgilluleyop@slate.com,Male,177.12.213.90
891,Elna,Banton,ebantonoq@ft.com,Female,42.131.243.159
892,Philip,LAbbet,plabbetor@nydailynews.com,Male,80.177.202.255
893,Joya,Pignon,jpignonos@walmart.com,Female,159.125.94.109
894,Corilla,Marshal,cmarshalot@dailymail.co.uk,Female,145.248.127.213
895,Abbey,D'Adamo,adadamoou@smugmug.com,Female,2.73.107.196
896,Timoteo,Frankis,tfrankisov@whitehouse.gov,Male,165.237.244.148
897,Daveta,Arkil,darkilow@wordpress.com,Female,98.199.73.212
898,Rosalia,Norgate,rnorgateox@bravesites.com,Female,49.155.68.206
899,Malchy,Paish,mpaishoy@last.fm,Male,242.55.66.124
900,Tadeas,Arbon,tarbonoz@blogspot.com,Male,128.208.144.22
901,Cassondra,Livezley,clivezleyp0@com.com,Female,115.125.10.110
902,Hagan,Blenkharn,hblenkharnp1@whitehouse.gov,Male,73.199.60.251
903,Kacy,O'Bruen,kobruenp2@goodreads.com,Female,240.170.179.174
904,Brier,Sullens,bsullensp3@adobe.com,Female,162.240.230.79
905,Quentin,Haggerwood,qhaggerwoodp4@wordpress.com,Male,202.23.220.204
906,Chuck,Alishoner,calishonerp5@salon.com,Male,218.222.45.153
907,Reuven,Yarnley,ryarnleyp6@meetup.com,Male,252.230.40.107
908,Pippa,Kinman,pkinmanp7@sina.com.cn,Female,84.235.228.94
909,Marcella,Baswall,mbaswallp8@ucoz.ru,Female,172.206.220.162
910,Joelle,Bowcher,jbowcherp9@woothemes.com,Female,221.112.155.80
911,Addie,Trelease,atreleasepa@dailymail.co.uk,Male,189.145.222.21
912,Marin,Ironmonger,mironmongerpb@pinterest.com,Female,83.243.100.207
913,Marley,Newby,mnewbypc@addthis.com,Female,67.209.37.15
914,Lezlie,Ayliff,layliffpd@themeforest.net,Female,243.129.14.228
915,Lauryn,De Ferraris,ldeferrarispe@twitter.com,Female,78.78.52.19
916,Dot,Pidduck,dpidduckpf@tiny.cc,Female,70.237.116.167
917,Kori,Casassa,kcasassapg@uol.com.br,Female,248.102.130.231
918,Adelaida,Brame,abrameph@cnbc.com,Female,177.28.144.116
919,Corina,Tunder,ctunderpi@sohu.com,Female,9.233.236.77
920,Patience,Gilkes,pgilkespj@google.pl,Female,115.160.237.123
921,Kristi,Bartell,kbartellpk@ihg.com,Female,217.222.98.77
922,Billy,Tyrie,btyriepl@ca.gov,Female,249.157.38.144
923,Raff,Allam,rallampm@microsoft.com,Male,171.217.78.22
924,Mariette,Guille,mguillepn@state.tx.us,Female,1.8.16.3
925,Adrienne,Hiner,ahinerpo@bbc.co.uk,Female,71.66.97.89
926,Claudina,Washbrook,cwashbrookpp@businesswire.com,Female,137.129.46.122
927,Josee,Tames,jtamespq@amazon.co.jp,Female,31.18.122.48
928,Barbey,Incogna,bincognapr@ftc.gov,Female,94.243.139.220
929,Astrid,Mallaby,amallabyps@nih.gov,Female,162.206.251.82
930,Lila,Whitty,lwhittypt@exblog.jp,Female,148.253.164.83
931,Jenilee,Mila,jmilapu@sakura.ne.jp,Female,242.81.124.213
932,Guenevere,Kares,gkarespv@webs.com,Female,134.10.192.122
933,Damian,Richardson,drichardsonpw@barnesandnoble.com,Male,159.70.198.120
934,Mellisa,Waterstone,mwaterstonepx@themeforest.net,Female,1.132.67.98
935,Newton,Darragh,ndarraghpy@fema.gov,Male,146.103.83.164
936,Hughie,Bentley,hbentleypz@pbs.org,Male,105.135.0.213
937,Roderic,Boate,rboateq0@wired.com,Male,253.180.113.27
938,Kit,Hyams,khyamsq1@hatena.ne.jp,Male,115.80.125.19
939,Jacqueline,Kerbey,jkerbeyq2@gravatar.com,Female,97.42.77.202
940,Gerladina,Bayles,gbaylesq3@pbs.org,Female,229.30.3.171
941,Shannen,Brownfield,sbrownfieldq4@constantcontact.com,Female,113.81.129.34
942,Dav,Placidi,dplacidiq5@dropbox.com,Male,179.36.236.44
943,Nonnah,Tremmil,ntremmilq6@last.fm,Female,23.232.116.118
944,Levy,Ham,lhamq7@wix.com,Male,49.230.218.112
945,Kira,Brandli,kbrandliq8@ted.com,Female,19.53.17.118
946,Wang,Blackaller,wblackallerq9@mail.ru,Male,136.229.150.247
947,Jard,Aspole,jaspoleqa@fotki.com,Male,104.17.57.99
948,Hartwell,Chasier,hchasierqb@eepurl.com,Male,229.175.34.179
949,Marcel,Shephard,mshephardqc@ucoz.com,Male,170.14.202.13
950,Sherri,Coaster,scoasterqd@fastcompany.com,Female,243.52.95.14
951,Dilly,Swanne,dswanneqe@cafepress.com,Male,14.23.84.234
952,Melba,Molineaux,mmolineauxqf@uiuc.edu,Female,143.245.70.61
953,Fara,Brandi,fbrandiqg@netlog.com,Female,108.157.157.62
954,Kylie,Lago,klagoqh@jugem.jp,Female,120.209.240.169
955,Dana,Stollmeier,dstollmeierqi@reuters.com,Female,11.49.250.171
956,Cary,Dovydenas,cdovydenasqj@unblog.fr,Male,95.196.223.159
957,Vasily,Sprason,vsprasonqk@microsoft.com,Male,38.240.225.75
958,Nefen,Wagenen,nwagenenql@bandcamp.com,Male,44.12.54.205
959,Elia,Grinham,egrinhamqm@diigo.com,Male,124.80.190.200
960,Prudence,Fruin,pfruinqn@sitemeter.com,Female,80.146.117.214
961,Elliot,Gabitis,egabitisqo@shinystat.com,Male,179.213.41.113
962,Raddy,Miguel,rmiguelqp@home.pl,Male,71.194.179.164
963,Edmon,Perello,eperelloqq@flavors.me,Male,126.118.145.180
964,Aloise,Peakman,apeakmanqr@sourceforge.net,Female,175.70.55.115
965,Erin,Dickin,edickinqs@fc2.com,Male,11.246.52.54
966,Ian,Meiklam,imeiklamqt@marketwatch.com,Male,44.92.100.215
967,Maribelle,Konrad,mkonradqu@mit.edu,Female,218.41.94.195
968,Myrtie,Rosenkrantz,mrosenkrantzqv@house.gov,Female,123.223.240.16
969,Tamarra,McClounan,tmcclounanqw@vinaora.com,Female,8.206.187.158
970,Odo,Streight,ostreightqx@independent.co.uk,Male,165.229.162.0
971,Cindelyn,Goodlad,cgoodladqy@aboutads.info,Female,254.210.100.135
972,Wynn,Harridge,wharridgeqz@networksolutions.com,Male,102.247.220.229
973,Ara,Liddon,aliddonr0@guardian.co.uk,Male,110.70.107.157
974,Shannon,Mahomet,smahometr1@umich.edu,Female,75.163.87.4
975,Marie-ann,Fiddiman,mfiddimanr2@taobao.com,Female,70.105.7.47
976,Joyce,Griswood,jgriswoodr3@europa.eu,Female,237.51.251.97
977,Danielle,Haggerty,dhaggertyr4@wordpress.org,Female,6.97.9.214
978,Jessie,Siddell,jsiddellr5@homestead.com,Male,230.168.221.29
979,Eric,Gresley,egresleyr6@w3.org,Male,123.216.77.130
980,Vanny,Spaducci,vspaduccir7@marriott.com,Female,84.152.250.251
981,Sidney,Branca,sbrancar8@fotki.com,Male,156.5.90.178
982,Marchelle,Bummfrey,mbummfreyr9@skype.com,Female,180.205.184.242
983,Rees,Seligson,rseligsonra@wikipedia.org,Male,230.169.111.22
984,Abie,McAlester,amcalesterrb@sitemeter.com,Male,60.166.69.76
985,Gilburt,Laurand,glaurandrc@businessinsider.com,Male,31.166.102.54
986,Roanna,Torre,rtorrerd@deviantart.com,Female,162.155.143.120
987,Caesar,Edworthy,cedworthyre@newyorker.com,Male,95.8.108.105
988,Oriana,Folcarelli,ofolcarellirf@123-reg.co.uk,Female,70.159.15.250
989,Vernen,Magog,vmagogrg@accuweather.com,Male,80.214.233.101
990,Patricia,Itzakovitz,pitzakovitzrh@nydailynews.com,Female,144.67.38.133
991,Benedetto,Preist,bpreistri@dailymotion.com,Male,224.152.246.240
992,Tuckie,Tibald,ttibaldrj@toplist.cz,Male,200.210.247.137
993,Kaitlynn,Probin,kprobinrk@artisteer.com,Female,34.36.67.183
994,Beatriz,Oxley,boxleyrl@flavors.me,Female,204.144.234.226
995,Russell,Persian,rpersianrm@weather.com,Male,65.246.194.28
996,Jinny,Jannings,jjanningsrn@yahoo.com,Female,196.79.161.143
997,Lorne,Grigorio,lgrigorioro@behance.net,Male,111.90.19.40
998,Boycey,Mabon,bmabonrp@dmoz.org,Male,206.8.168.181
999,Major,Jacombs,mjacombsrq@posterous.com,Male,190.113.236.235
1000,Henrieta,Andrei,handreirr@opera.com,Female,221.125.11.35
